Symbol,Name,Price (Intraday),Change,% Change,Volume,Avg Vol (3 month),Market Cap,PE Ratio (TTM),
SIRI,Sirius XM Holdings Inc.,6,-1.08,-15.25%,38.802M,21.633M,23.21B,14.63,
CGSHY,Country Garden Services Holdings Company Limited,0.964,-0.146,-13.15%,40106,6697,3.894B,12.05
RYAAY,Ryanair Holdings plc,97.82,-9.7,-9.02%,1.653M,515495,22.28B,15.5
SDGR,Schr√∂dinger, Inc.,49.59,-4.2,-7.81%,1.321M,1.487M,3.578B,381.46
RXRX,Recursion Pharmaceuticals, Inc.,14.28,-1.19,-7.69%,7.998M,5.427M,2.747B,
PHG,Koninklijke Philips N.V.,21.51,-1.54,-6.68%,2.765M,969029,19.809B,
APLS,Apellis Pharmaceuticals, Inc.,32.22,-2.17,-6.31%,4.786M,2.684M,3.752B,
SYM,Symbotic Inc.,40.97,-2.71,-6.20%,4.308M,987268,22.757B,
LTHM,Livent Corporation,24.95,-1.58,-5.96%,4.908M,3.058M,4.483B,16.31
INSP,Inspire Medical Systems, Inc.,289.05,-18.3,-5.95%,968168,418883,8.432B,
OROCF,Allkem Limited,9.98,-0.62,-5.85%,24207,29183,6.385B,13.31
ODD,ODDITY Tech Ltd. Class A Ordinary Shares,49.67,-2.89,-5.50%,898506,2.718M,2.808B,73.04
RIOT,Riot Platforms, Inc.,17.43,-0.95,-5.17%,19.188M,24.12M,3.105B,
NTRA,Natera, Inc.,46.79,-2.52,-5.11%,1.094M,993465,5.444B,
RCM,R1 RCM Inc.,16.46,-0.88,-5.07%,3.425M,2.602M,6.884B,
BRKR,Bruker Corporation,71.63,-3.74,-4.96%,1.384M,834281,10.51B,34.11
ARGX,argenx SE,521.49,-26.94,-4.91%,650998,304844,29.18B,
CURLF,Curaleaf Holdings, Inc.,3.3,-0.17,-4.90%,299201,393273,2.389B,
SPT,Sprout Social, Inc.,51.5,-2.65,-4.89%,620513,916393,2.853B,
LSXMA,The Liberty SiriusXM Group,31.82,-1.62,-4.84%,1.751M,1.124M,10.389B,10.4
MLTX,MoonLake Immunotherapeutics,53.98,-2.66,-4.70%,318359,745742,2.788B,
LSXMK,The Liberty SiriusXM Group,31.72,-1.56,-4.69%,2.453M,1.206M,10.389B,10.33
MDGL,Madrigal Pharmaceuticals, Inc.,205.68,-10.07,-4.67%,207589,348819,3.762B,
SPOT,Spotify Technology S.A.,163.72,-7.99,-4.65%,3.896M,1.597M,31.666B,
PTON,Peloton Interactive, Inc.,8.7,-0.42,-4.61%,6.515M,10.923M,3.083B,